{"cameraMode":{"drawMode":0,"name":"Shaded","section":"Shading Mode"},"sceneLighting":true,"audioPlay":false,"sceneViewState":{"m_AlwaysRefresh":false,"showFog":true,"showSkybox":true,"showFlares":true,"showImageEffects":true,"showParticleSystems":true,"showVisualEffectGraphs":true,"m_FxEnabled":true},"in2DMode":false,"pivot":{"x":4.578800201416016,"y":-0.14640174806118012,"z":17.01179313659668},"rotation":{"x":0.019916223362088205,"y":0.9662597179412842,"z":-0.07843711972236633,"w":0.24478456377983094},"size":1.524744987487793,"orthographic":false}